{"cameraMode":{"drawMode":0,"name":"Shaded","section":"Shading Mode"},"sceneLighting":true,"audioPlay":false,"sceneViewState":{"showFog":true,"showMaterialUpdate":true,"showSkybox":false,"showFlares":true,"showImageEffects":true,"showParticleSystems":true},"in2DMode":false,"pivot":{"x":-1.0850000381469727,"y":2.0430002212524416,"z":0.4289999008178711},"rotation":{"x":-0.0932265967130661,"y":-0.072221539914608,"z":0.006830496713519096,"w":-0.993036687374115},"size":16.090837478637697,"orthographic":false}