{"cameraMode":{"drawMode":0,"name":"Shaded","section":"Shading Mode"},"sceneLighting":false,"audioPlay":false,"sceneViewState":{"showFog":true,"showMaterialUpdate":true,"showSkybox":false,"showFlares":true,"showImageEffects":true,"showParticleSystems":true},"in2DMode":false,"pivot":{"x":-2.5036089420318605,"y":-6.26939058303833,"z":7.578712463378906},"rotation":{"x":-0.18239857256412507,"y":0.2689526081085205,"z":-0.051974084228277209,"w":-0.9443185925483704},"size":0.06960120052099228,"orthographic":false}