{"cameraMode":{"drawMode":0,"name":"Shaded","section":"Shading Mode"},"sceneLighting":true,"audioPlay":false,"sceneViewState":{"showFog":true,"showMaterialUpdate":true,"showSkybox":true,"showFlares":true,"showImageEffects":true,"showParticleSystems":true},"in2DMode":false,"pivot":{"x":0.860713005065918,"y":0.9391398429870606,"z":1.6713343858718873},"rotation":{"x":-0.5033069849014282,"y":-0.05343007296323776,"z":0.02918849140405655,"w":-0.8621305823326111},"size":0.6937192678451538,"orthographic":false}