{"cameraMode":{"drawMode":0,"name":"Shaded","section":"Shading Mode"},"sceneLighting":false,"audioPlay":false,"sceneViewState":{"showFog":true,"showMaterialUpdate":true,"showSkybox":false,"showFlares":true,"showImageEffects":true,"showParticleSystems":true},"in2DMode":false,"pivot":{"x":0.015165641903877259,"y":0.19017049670219422,"z":0.08600868284702301},"rotation":{"x":0.3595423996448517,"y":-0.012308021076023579,"z":0.004742738325148821,"w":0.9330404996871948},"size":0.3154601454734802,"orthographic":false}