{"cameraMode":{"drawMode":0,"name":"Shaded","section":"Shading Mode"},"sceneLighting":false,"audioPlay":false,"sceneViewState":{"showFog":true,"showMaterialUpdate":true,"showSkybox":false,"showFlares":true,"showImageEffects":true,"showParticleSystems":true},"in2DMode":false,"pivot":{"x":0.0,"y":0.22517246007919312,"z":-0.004935711622238159},"rotation":{"x":0.09759938716888428,"y":0.033144596964120868,"z":-0.0032517961226403715,"w":0.9946767091751099},"size":0.44537049531936648,"orthographic":false}