{"cameraMode":{"drawMode":0,"name":"Shaded","section":"Shading Mode"},"sceneLighting":false,"audioPlay":false,"sceneViewState":{"showFog":true,"showMaterialUpdate":true,"showSkybox":false,"showFlares":true,"showImageEffects":true,"showParticleSystems":true},"in2DMode":false,"pivot":{"x":1.5008538961410523,"y":0.07088873535394669,"z":0.0},"rotation":{"x":-0.18239857256412507,"y":0.2689526081085205,"z":-0.051974084228277209,"w":-0.9443185925483704},"size":0.17718924582004548,"orthographic":false}