{"cameraMode":{"drawMode":0,"name":"Shaded","section":"Shading Mode"},"sceneLighting":false,"audioPlay":false,"sceneViewState":{"showFog":true,"showMaterialUpdate":true,"showSkybox":false,"showFlares":true,"showImageEffects":true,"showParticleSystems":true},"in2DMode":false,"pivot":{"x":-3.725290298461914e-9,"y":0.04242107272148132,"z":1.0},"rotation":{"x":0.11521860212087631,"y":0.8620578050613403,"z":-0.22636765241622926,"w":0.43861642479896548},"size":0.07387233525514603,"orthographic":false}