{"cameraMode":{"drawMode":0,"name":"Shaded","section":"Shading Mode"},"sceneLighting":false,"audioPlay":false,"sceneViewState":{"showFog":true,"showMaterialUpdate":true,"showSkybox":false,"showFlares":true,"showImageEffects":true,"showParticleSystems":true},"in2DMode":false,"pivot":{"x":-7.450580596923828e-9,"y":0.04146978631615639,"z":0.0},"rotation":{"x":-0.10730248689651489,"y":-0.7032212018966675,"z":0.1086580827832222,"w":-0.6943880319595337},"size":0.09232860803604126,"orthographic":false}