{"cameraMode":{"drawMode":0,"name":"Shaded","section":"Shading Mode"},"sceneLighting":false,"audioPlay":false,"sceneViewState":{"showFog":true,"showMaterialUpdate":true,"showSkybox":false,"showFlares":true,"showImageEffects":true,"showParticleSystems":true},"in2DMode":false,"pivot":{"x":-7.450580596923828e-9,"y":0.04146978631615639,"z":0.0},"rotation":{"x":0.3595423996448517,"y":-0.012308021076023579,"z":0.004742738325148821,"w":0.9330404996871948},"size":0.09232862293720246,"orthographic":false}