{"cameraMode":{"drawMode":0,"name":"Shaded","section":"Shading Mode"},"sceneLighting":false,"audioPlay":false,"sceneViewState":{"showFog":true,"showMaterialUpdate":true,"showSkybox":false,"showFlares":true,"showImageEffects":true,"showParticleSystems":true},"in2DMode":false,"pivot":{"x":-0.059699997305870059,"y":0.0036420058459043504,"z":0.765999972820282},"rotation":{"x":0.3595423996448517,"y":-0.012308021076023579,"z":0.004742738325148821,"w":0.9330404996871948},"size":0.15745551884174348,"orthographic":false}