{"cameraMode":{"drawMode":0,"name":"Shaded","section":"Shading Mode"},"sceneLighting":true,"audioPlay":false,"sceneViewState":{"showFog":true,"showMaterialUpdate":true,"showSkybox":true,"showFlares":true,"showImageEffects":true,"showParticleSystems":true},"in2DMode":false,"pivot":{"x":-0.0009878426790237427,"y":1.973357915878296,"z":-1.0315805673599244},"rotation":{"x":0.14581018686294557,"y":0.032640762627124789,"z":-0.0047762892208993439,"w":0.9887818694114685},"size":0.26194459199905398,"orthographic":false}