{"cameraMode":{"drawMode":0,"name":"Shaded","section":"Shading Mode"},"sceneLighting":false,"audioPlay":false,"sceneViewState":{"showFog":true,"showMaterialUpdate":true,"showSkybox":false,"showFlares":true,"showImageEffects":true,"showParticleSystems":true},"in2DMode":false,"pivot":{"x":-0.4133331775665283,"y":-4.222689628601074,"z":8.901139259338379},"rotation":{"x":-0.18239857256412507,"y":0.2689526081085205,"z":-0.051974084228277209,"w":-0.9443185925483704},"size":0.0797349140048027,"orthographic":false}