{"cameraMode":{"drawMode":0,"name":"Shaded","section":"Shading Mode"},"sceneLighting":false,"audioPlay":false,"sceneViewState":{"showFog":true,"showMaterialUpdate":true,"showSkybox":false,"showFlares":true,"showImageEffects":true,"showParticleSystems":true},"in2DMode":false,"pivot":{"x":0.033066652715206149,"y":0.10311289131641388,"z":-0.0194091796875},"rotation":{"x":-0.17065320909023286,"y":0.17392341792583466,"z":-0.030958794057369233,"w":-0.9694063663482666},"size":0.13747534155845643,"orthographic":false}