{"cameraMode":{"drawMode":0,"name":"Shaded","section":"Shading Mode"},"sceneLighting":true,"audioPlay":false,"sceneViewState":{"showFog":true,"showMaterialUpdate":true,"showSkybox":true,"showFlares":true,"showImageEffects":true,"showParticleSystems":true},"in2DMode":false,"pivot":{"x":39.27815246582031,"y":6.932404041290283,"z":-7.142696857452393},"rotation":{"x":-0.16402415931224824,"y":0.6963008046150208,"z":-0.16841226816177369,"w":-0.678158164024353},"size":0.11290150880813599,"orthographic":false}