{"cameraMode":{"drawMode":0,"name":"Shaded","section":"Shading Mode"},"sceneLighting":false,"audioPlay":false,"sceneViewState":{"showFog":true,"showMaterialUpdate":true,"showSkybox":false,"showFlares":true,"showImageEffects":true,"showParticleSystems":true},"in2DMode":false,"pivot":{"x":0.0077553316950798038,"y":0.1139976978302002,"z":0.6837409138679504},"rotation":{"x":-0.22623315453529359,"y":0.26370635628700259,"z":-0.0639558807015419,"w":-0.9355599880218506},"size":0.21922434866428376,"orthographic":false}