{"cameraMode":{"drawMode":0,"name":"Shaded","section":"Shading Mode"},"sceneLighting":false,"audioPlay":false,"sceneViewState":{"showFog":true,"showMaterialUpdate":true,"showSkybox":false,"showFlares":true,"showImageEffects":true,"showParticleSystems":true},"in2DMode":false,"pivot":{"x":-1.9948790073394776,"y":0.3048127293586731,"z":3.9639780521392824},"rotation":{"x":0.17063483595848084,"y":-0.11354617774486542,"z":0.021494032815098764,"w":0.9786901473999023},"size":10.0,"orthographic":false}