{"cameraMode":{"drawMode":0,"name":"Shaded","section":"Shading Mode"},"sceneLighting":false,"audioPlay":false,"sceneViewState":{"showFog":true,"showMaterialUpdate":true,"showSkybox":false,"showFlares":true,"showImageEffects":true,"showParticleSystems":true},"in2DMode":false,"pivot":{"x":0.00014957785606384277,"y":0.20006367564201356,"z":0.00025907158851623535},"rotation":{"x":0.3595423996448517,"y":-0.012308021076023579,"z":0.004742738325148821,"w":0.9330404996871948},"size":0.26804906129837038,"orthographic":false}