{"cameraMode":{"drawMode":0,"name":"Shaded","section":"Shading Mode"},"sceneLighting":false,"audioPlay":false,"sceneViewState":{"showFog":true,"showMaterialUpdate":true,"showSkybox":false,"showFlares":true,"showImageEffects":true,"showParticleSystems":true},"in2DMode":false,"pivot":{"x":-7.450580596923828e-9,"y":0.06771254539489746,"z":0.02238975465297699},"rotation":{"x":-0.03447211533784866,"y":0.8187323808670044,"z":-0.049442123621702197,"w":-0.571023166179657},"size":0.0998055711388588,"orthographic":false}