{"cameraMode":{"drawMode":0,"name":"Shaded","section":"Shading Mode"},"sceneLighting":false,"audioPlay":false,"sceneViewState":{"showFog":true,"showMaterialUpdate":true,"showSkybox":false,"showFlares":true,"showImageEffects":true,"showParticleSystems":true},"in2DMode":false,"pivot":{"x":0.40299999713897707,"y":0.09371897578239441,"z":0.8550000190734863},"rotation":{"x":0.02880520559847355,"y":0.00030937345582060516,"z":-0.000006939743798284326,"w":0.9995908737182617},"size":0.11291215568780899,"orthographic":false}