{"cameraMode":{"drawMode":0,"name":"Shaded","section":"Shading Mode"},"sceneLighting":false,"audioPlay":false,"sceneViewState":{"showFog":true,"showMaterialUpdate":true,"showSkybox":false,"showFlares":true,"showImageEffects":true,"showParticleSystems":true},"in2DMode":false,"pivot":{"x":0.40299999713897707,"y":0.09371897578239441,"z":0.8550000190734863},"rotation":{"x":0.3595423996448517,"y":-0.012308021076023579,"z":0.004742738325148821,"w":0.9330404996871948},"size":0.11291215568780899,"orthographic":false}