{"cameraMode":{"drawMode":0,"name":"Shaded","section":"Shading Mode"},"sceneLighting":false,"audioPlay":false,"sceneViewState":{"showFog":true,"showMaterialUpdate":true,"showSkybox":false,"showFlares":true,"showImageEffects":true,"showParticleSystems":true},"in2DMode":false,"pivot":{"x":-4.451180458068848,"y":-5.818442344665527,"z":7.007208347320557},"rotation":{"x":0.26099225878715517,"y":0.042884718626737598,"z":-0.011592867784202099,"w":0.9643412232398987},"size":0.07712673395872116,"orthographic":false}