{"cameraMode":{"drawMode":0,"name":"Shaded","section":"Shading Mode"},"sceneLighting":false,"audioPlay":false,"sceneViewState":{"showFog":true,"showMaterialUpdate":true,"showSkybox":false,"showFlares":true,"showImageEffects":true,"showParticleSystems":true},"in2DMode":false,"pivot":{"x":0.06499999761581421,"y":0.050541505217552188,"z":1.2039999961853028},"rotation":{"x":-0.18239857256412507,"y":0.2689526081085205,"z":-0.051974084228277209,"w":-0.9443185925483704},"size":0.08323626965284348,"orthographic":false}