{"cameraMode":{"drawMode":0,"name":"Shaded","section":"Shading Mode"},"sceneLighting":false,"audioPlay":false,"sceneViewState":{"showFog":true,"showMaterialUpdate":true,"showSkybox":false,"showFlares":true,"showImageEffects":true,"showParticleSystems":true},"in2DMode":false,"pivot":{"x":-4.451180458068848,"y":-5.818442344665527,"z":7.007208347320557},"rotation":{"x":-0.2774837017059326,"y":0.2471456676721573,"z":-0.07412589341402054,"w":-0.9254565834999085},"size":0.07712673395872116,"orthographic":false}