{"cameraMode":{"drawMode":0,"name":"Shaded","section":"Shading Mode"},"sceneLighting":false,"audioPlay":false,"sceneViewState":{"showFog":true,"showMaterialUpdate":true,"showSkybox":false,"showFlares":true,"showImageEffects":true,"showParticleSystems":true},"in2DMode":false,"pivot":{"x":0.003345675766468048,"y":0.07731646299362183,"z":0.9887055158615112},"rotation":{"x":-0.1529790312051773,"y":0.12295059114694596,"z":-0.01936429925262928,"w":-0.98040372133255},"size":0.14320644736289979,"orthographic":false}